sequence,ic50_data,ic50,label_3,label_2,label_2_40
EGL,no,8.548879385,0,0,0
YGDEY,no,8.548879385,0,0,0
SAPLRVY,no,2.864078312,0,0,0
NELQKLLTY,no,9.983958615,1,0,0
PADTGDLTY,no,10.98967699,1,1,0
PFHPY,no,8.548879385,0,0,0
LLGDP,no,8.548879385,0,0,0
WGDVADDSS,no,5.678155312,0,0,0
VLKTLK,no,9.840297371,1,0,0
SGSPAQL,no,4.652071978,0,0,0
HPLGD,no,8.548879385,0,0,0
NNPY,no,8.548879385,0,0,0
LPSTH,no,3.956247174,0,0,0
GAQLE,no,9.508873534,1,0,0
TGFFFF,no,9.807782788,1,0,0
NPHY,no,8.548879385,0,0,0
GVYLL,no,8.548879385,0,0,0
SSEYYGGEGSSSEQGYYGEG,no,11.51464193,1,1,0
MGTY,no,11.11589193,1,1,0
ECGYF,no,57.01859498,2,1,1
WPK,no,5.180784147,0,0,0
AYLH,no,12.64304818,1,1,0
GPLVHPQSQSQSN,no,11.51505859,1,1,0
VESEAGLTETWNPNHPELR,no,7.547205931,0,0,0
QINKVVRF,no,5.966731593,0,0,0
PFPRPQPR,no,14.03853274,1,1,0
IPRPRPRP,no,35.18116286,1,1,0
IIRNVLQP,no,5.966731593,0,0,0
LFRVASMA,no,8.474929345,0,0,0
PLGQGSFR,no,2.359586841,0,0,0
VRFPVPQL,no,5.966731593,0,0,0
TLNRNALR,no,35.37972535,1,1,0
VRGPFPII,no,5.966731593,0,0,0
VVRFDKLP,no,5.966731593,0,0,0
APLRVYVE,no,3.411510369,0,0,0
VSLLLVGI,no,10.43255859,1,1,0
ASVSVSFG,no,5.008780312,0,0,0
MKTFLILV,no,9.983958615,1,0,0
SVNVHSSL,no,4.884260984,0,0,0
MVLVNAIV,no,9.26300684,1,0,0
MMSFVSLL,no,11.51464193,1,1,0
IAIMSALA,no,11.90884362,1,1,0
ISLLDAQS,no,8.921071978,1,0,0
LILVLLAI,no,11.97441739,1,1,0
LLLGLVFL,no,13.42586485,1,1,0
LVGILFHA,no,9.26300684,1,0,0
LACQCLVR,no,174.8552355,2,1,1
GSFRPSQQ,no,38.43783864,1,1,0
NAIVFKGL,no,10.40873267,1,1,0
QTNGIIRN,no,4.28039826,0,0,0
MPFRVTEQ,no,4.28039826,0,0,0
VVLQQHNI,no,6.858977677,0,0,0
CRY,no,62.75357796,2,1,1
RCY,no,62.75357796,2,1,1
LQPSHY,no,11.50926693,1,1,0
HGGEGGRPY,no,5.966731593,0,0,0
HPTSEVY,no,11.51505859,1,1,0
IQSPHFF,no,11.33693359,1,1,0
GD,no,8.548879385,0,0,0
GF,no,8.548879385,0,0,0
GG,no,8.548879385,0,0,0
GK,no,8.548879385,0,0,0
GY,no,8.548879385,0,0,0
GH,no,8.39411748,0,0,0
FLF,no,8.548879385,0,0,0
SPSSS,no,138.7027298,2,1,1
WLL,no,5.180784147,0,0,0
ILW,no,5.180784147,0,0,0
YFI,no,8.548879385,0,0,0
EWL,no,5.180784147,0,0,0
FDF,no,8.548879385,0,0,0
FIF,no,8.548879385,0,0,0
IPF,no,8.548879385,0,0,0
FGF,no,13.42586485,1,1,0
GFLL,no,8.548879385,0,0,0
LGPF,no,13.42586485,1,1,0
LPF,no,8.548879385,0,0,0
FPI,no,8.548879385,0,0,0
LLW,no,5.180784147,0,0,0
VGLF,no,8.548879385,0,0,0
IIW,no,5.180784147,0,0,0
AVR,no,79.74259177,2,1,1
EIFL,no,8.548879385,0,0,0
ELLI,no,8.548879385,0,0,0
GFFF,no,8.548879385,0,0,0
DGL,no,8.548879385,0,0,0
ELLP,no,8.548879385,0,0,0
FIL,no,8.548879385,0,0,0
RCE,no,62.75357796,2,1,1
IIF,no,8.548879385,0,0,0
NYS,no,4.673969317,0,0,0
RDPENFPF,no,5.966731593,0,0,0
GGSLT,no,3.956247174,0,0,0
ALE,no,11.50353499,1,1,0
FLI,no,8.548879385,0,0,0
IFI,no,8.548879385,0,0,0
IRKLPF,no,4.602325258,0,0,0
TVLL,no,11.11589193,1,1,0
DFKTDLRFQ,no,9.027481593,1,0,0
TVII,no,11.11589193,1,1,0
NSVAA,no,19.09118689,1,1,0
ELIL,no,8.548879385,0,0,0
GFIL,no,8.548879385,0,0,0
IFL,no,8.548879385,0,0,0
LFL,no,8.548879385,0,0,0
LLF,no,8.548879385,0,0,0
ITLGG,no,9.749225259,1,0,0
LTLGG,no,9.749225259,1,0,0
LTTSS,no,42.93269855,2,1,1
ALL,no,11.50353499,1,1,0
FIM,no,11.32196322,1,1,0
IRKLPFQR,no,14.03853274,1,1,0
LIRKLPFQ,no,5.966731593,0,0,0
SPI,no,4.673969317,0,0,0
DGI,no,8.548879385,0,0,0
FVQNIFVE,no,8.548879385,0,0,0
HYIF,no,8.548879385,0,0,0
IFIP,no,8.548879385,0,0,0
LFIP,no,8.548879385,0,0,0
NEDDFLPPV,no,8.548879385,0,0,0
TVK,no,11.51505859,1,1,0
VVCH,no,105.0255848,2,1,1
YLVGL,no,8.548879385,0,0,0
LTIGG,no,9.749225259,1,0,0
ELFI,no,8.548879385,0,0,0
LLFP,no,8.548879385,0,0,0
LPFQRL,no,4.602325258,0,0,0
ITIGG,no,9.749225259,1,0,0
GGSIT,no,3.956247174,0,0,0
DDFLPPV,no,8.548879385,0,0,0
FLPL,no,8.548879385,0,0,0
LFI,no,8.548879385,0,0,0
SVEGQLEFR,no,4.28039826,0,0,0
AIE,no,11.50353499,1,1,0
EDDFLPPV,no,8.548879385,0,0,0
FKL,no,8.548879385,0,0,0
IDLDGDIVER,no,9.928064926,1,0,0
PTT,no,4.947385984,0,0,0
TGVAS,no,4.792515455,0,0,0
AIL,no,11.50353499,1,1,0
LDGGDVINSL,no,9.828214038,1,0,0
TTQ,no,4.947385984,0,0,0
VVV,no,8.548879385,0,0,0
AII,no,11.50353499,1,1,0
EASEAYLVGL,no,6.343055782,0,0,0
EML,no,8.548879385,0,0,0
FLL,no,8.548879385,0,0,0
LAGG,no,12.64304818,1,1,0
TGIFIICH,no,16.18542497,1,1,0
DTDDVPMIL,no,9.983958615,1,0,0
FDFPTPSR,no,3.378633889,0,0,0
ILDF,no,8.548879385,0,0,0
LIF,no,8.548879385,0,0,0
LIRKLPFQR,no,3.204998426,0,0,0
LIRKLPFQRL,no,1.695131955,0,0,0
TLDDKDPL,no,9.983958615,1,0,0
TLQDRSIFNF,no,2.359586841,0,0,0
TVIL,no,11.11589193,1,1,0
IFII,no,8.548879385,0,0,0
KRI,no,13.86098944,1,1,0
LLFD,no,8.548879385,0,0,0
LLFI,no,8.548879385,0,0,0
SGT,no,37.38917765,1,1,0
ELIP,no,8.548879385,0,0,0
EMI,no,8.548879385,0,0,0
SGTAV,no,4.792515455,0,0,0
ILFL,no,8.548879385,0,0,0
KFL,no,8.548879385,0,0,0
LLIRKLPFQR,no,1.695131955,0,0,0
LVREIAQDF,no,6.933477846,0,0,0
ALI,no,11.50353499,1,1,0
IDPPKERPIP,no,9.901106593,1,0,0
LIRKLPF,no,9.027481593,1,0,0
AILL,no,12.64304818,1,1,0
EIIP,no,8.548879385,0,0,0
FII,no,8.548879385,0,0,0
LDIL,no,8.548879385,0,0,0
KLPFQRL,no,9.027481593,1,0,0
YQKSTELLIR,no,2.359586841,0,0,0
IAQDFKTDLR,no,7.449061179,0,0,0
ITTSS,no,42.93269855,2,1,1
PRCSASSTTPRSTTSAAWRAPSAPTSSTS,no,139.3077697,2,1,1
QSSKQRRDNGIFFVPQRPYMVLGTLRQQLLYPTW,no,4.28039826,0,0,0
QGWSSSSSEYYGGEGSSSEQGYYGEG,no,4.051727846,0,0,0
GWSSSSSEYYGGEGSSSEQGYYGEG,no,4.051727846,0,0,0
SSHAAARRLRRSSSP,no,101.1768601,2,1,1
SSSEYYGGEGSSSEQGYYGEG,no,7.245641925,0,0,0
PD,no,8.548879385,0,0,0
YC,no,5.294176428,0,0,0
DY,no,8.548879385,0,0,0
PVRSSNCA,no,139.8617788,2,1,1
RRVAL,no,85.34909569,2,1,1
RRFVLL,no,13.86098944,1,1,0
RRFVCC,no,62.75357796,2,1,1
VLLK,no,9.694605211,1,0,0
KFEFKFEF,no,8.548879385,0,0,0
HGAYV,no,9.508873534,1,0,0
PSYV,no,11.51464193,1,1,0
NHRYDR,no,13.86098944,1,1,0
LARL,no,16.47805771,1,1,0
PHYL,no,8.548879385,0,0,0
LPHSGY,no,11.50926693,1,1,0
PSKYEPFV,no,10.43255859,1,1,0
LPTSEAAKY,no,4.918255587,0,0,0
GPPGLA,no,12.05045367,1,1,0
GFPGAA,no,11.50353499,1,1,0
GPPGLQ,no,13.42586485,1,1,0
PVPGPM,no,13.42586485,1,1,0
RGPPGPM,no,9.027481593,1,0,0
GPPGPPGPA,no,11.97441739,1,1,0
GPPGPPGAP,no,11.97441739,1,1,0
RGFSGLDGA,no,1.686828312,0,0,0
GDRGFPGER,no,3.204998426,0,0,0
SFAPRFD,no,2.864078312,0,0,0
HYGR,no,14.03853274,1,1,0
SPGRLP,no,22.40995676,1,1,0
TGFR,no,30.23063441,1,1,0
LGFR,no,14.03853274,1,1,0
SHPHRLP,no,3.186005311,0,0,0
NPFGR,no,1.695131955,0,0,0
FIR,no,13.86098944,1,1,0
SFRIR,no,188.1478457,2,1,1
ELGF,no,13.42586485,1,1,0
PPFRLAEIRA,no,1.754994979,0,0,0
IPPR,no,14.03853274,1,1,0
LHARF,no,2.134994979,0,0,0
IGGRGR,no,13.86098944,1,1,0
LFR,no,13.86098944,1,1,0
SFR,no,122.610929,2,1,1
HFPIR,no,2.075131955,0,0,0
PHNPR,no,2.075131955,0,0,0
SARAAFN,no,56.79584165,2,1,1
PGSSSIMVR,no,40.70998198,2,1,1
LFD,no,8.548879385,0,0,0
AGSSMIR,no,45.50418629,2,1,1
NPR,no,13.86098944,1,1,0
KGFL,no,9.694605211,1,0,0
LDWYKGPT,no,9.837782788,1,0,0
LFEG,no,8.548879385,0,0,0
NLGFR,no,1.695131955,0,0,0
KLF,no,8.548879385,0,0,0
QSDFRRN,no,28.70489202,1,1,0
SLRDYRGP,no,30.23063441,1,1,0
NASFPR,no,30.19856962,1,1,0
VNDPF,no,8.548879385,0,0,0
EMNPNF,no,8.548879385,0,0,0
GDLL,no,8.548879385,0,0,0
PGKP,no,8.548879385,0,0,0
IPIR,no,14.03853274,1,1,0
SPGQRNLKKR,no,22.34795676,1,1,0
SIDLEWLR,no,2.579586841,0,0,0
LLDM,no,8.548879385,0,0,0
NGVQPKY,no,11.32196322,1,1,0
NGVQPKC,no,16.18542497,1,1,0
CNGVQPK,no,16.18542497,1,1,0
DGGR,no,14.03853274,1,1,0
DGD,no,8.548879385,0,0,0
NAGE,no,12.64304818,1,1,0
LVGE,no,8.548879385,0,0,0
GSEG,no,11.51464193,1,1,0
GFPGL,no,13.42586485,1,1,0
PGM,no,8.548879385,0,0,0
PGPIGPPGPR,no,9.928064926,1,0,0
GPPGPPGK,no,13.42586485,1,1,0
GPAGPPGR,no,3.411510369,0,0,0
GPR,no,13.86098944,1,1,0
CNM,no,62.75866038,2,1,1
GPAGPQGPR,no,6.933477846,0,0,0
GEPGPPGPAG,no,12.67652413,1,1,0
VW,no,5.180784147,0,0,0
GPSGPR,no,22.40995676,1,1,0
SDW,no,62.75730265,2,1,1
GR,no,301.3774817,2,1,1
GPFGER,no,4.602325258,0,0,0
GPPGPQGAR,no,6.933477846,0,0,0
GAPGPAGPK,no,11.84204329,1,1,0
DGIPGQPGL,no,13.42586485,1,1,0
SAGISVPGPM,no,8.709247174,1,0,0
PGPPGER,no,9.027481593,1,0,0
GGPGAR,no,1.686828312,0,0,0
CH,no,5.294176428,0,0,0
DGSPGPK,no,11.33693359,1,1,0
PGPK,no,11.86018013,1,1,0
PEPCR,no,159.0382227,2,1,1
PGAR,no,16.47805771,1,1,0
PGPSGEPGK,no,9.749225259,1,0,0
GAPGPSGAR,no,2.042719317,0,0,0
GDAGPAGPK,no,11.84204329,1,1,0
AVW,no,8.135439753,0,0,0
GEPGPTGL,no,9.962544693,1,0,0
GGN,no,8.548879385,0,0,0
GIDIGPVC,no,15.52119997,1,1,0
GAPGDR,no,1.686828312,0,0,0
AGPPGESGR,no,1.686828312,0,0,0
PGQR,no,14.03853274,1,1,0
GAR,no,79.74259177,2,1,1
APQL,no,12.64304818,1,1,0
QGL,no,8.548879385,0,0,0
NGL,no,8.548879385,0,0,0
VLTCGF,no,57.01859498,2,1,1
AH,no,11.34877309,1,1,0
ECA,no,39.52008556,1,1,0
EL,no,8.548879385,0,0,0
IR,no,301.3774817,2,1,1
LK,no,8.548879385,0,0,0
RHF,no,13.86098944,1,1,0
VY,no,8.548879385,0,0,0
WDR,no,26.24098944,1,1,0
ADHPF,no,9.508873534,1,0,0
AFKDEDTKAMPF,no,10.44063353,1,1,0
ILELPFASGDLLML,no,10.35751151,1,1,0
DKLPGFGD,no,13.42586485,1,1,0
FDKLPGFGD,no,13.42586485,1,1,0
FDKLPGFGDSIEAQCGTSVN,no,10.78764858,1,1,0
DGSGGCIPK,no,14.62992485,1,1,0
SDFHLFGPPGK,no,9.828214038,1,0,0
FDGRSR,no,28.74116665,1,1,0
FNCSSAGPGAIGSEC,no,103.7364266,2,1,1
MYQIGLFR,no,5.966731593,0,0,0
GYSLGNWVCAAK,no,15.84296479,1,1,0
DLLFKDSAIMLK,no,10.29426032,1,1,0
CQLCQGSGGIPPEK,no,16.22221664,1,1,0
ADHPFLF,no,9.26300684,1,0,0
SGAFHCLK,no,21.61911915,1,1,0
YFGYTGALRCLV,no,6.500020689,0,0,0
HIATNAVLFFGR,no,5.474821978,0,0,0
FKDEDTQAMPFR,no,7.943872598,0,0,0
FMMFESQNKDLLFK,no,9.891465228,1,0,0
SMLVLLPDEVSGLEQLESIINFEK,no,10.43255859,1,1,0
SGYSGAFHCLK,no,15.00558578,1,1,0
SGGQFSLTSTVKVC,no,47.14792354,2,1,1
SGALHCLK,no,21.61911915,1,1,0
SSCICS,no,39.01628847,1,1,0
SSCEDCVCT,no,51.55382569,2,1,1
YFGYTGALR,no,6.68450184,0,0,0
MSALAM,no,11.43005183,1,1,0
RGGLEPINF,no,9.38339826,1,0,0
YPILPEYL,no,8.548879385,0,0,0
AFKDEDTQAMPF,no,10.44063353,1,1,0
VLLPDEVSGLEKLESIINF,no,9.840297371,1,0,0
QVLLPDEVSGLEQLESIINF,no,9.828214038,1,0,0
KDEDTQAMPF,no,10.3868909,1,1,0
FDKLPGFGDSIEAQ,no,10.35751151,1,1,0
YPILPEYLQCVKELY,no,17.29324182,1,1,0
VLLPHEVSGLEQLESIINF,no,9.840297371,1,0,0
LVQLPDEVSGLEQLESIINF,no,9.828214038,1,0,0
LPDEVSGLEQLESIINF,no,10.43255859,1,1,0
MAMGITDVF,no,9.739678005,1,0,0
SSSANLSGISSAESLK,no,5.13660017,0,0,0
LVLLPDEVSGLEQLESIINF,no,9.828214038,1,0,0
VHHANENIFY,no,11.1108394,1,1,0
VTEQESKPVQMMYQIGLF,no,9.828214038,1,0,0
VHHANENIF,no,9.26300684,1,0,0
GGLEPINFQTAADQAR,no,8.743363645,1,0,0
VLLPDEVSGLEQLESIINFE,no,9.828214038,1,0,0
VASMASEKMK,no,8.835188562,1,0,0
AAHAEINEAGR,no,9.512765455,1,0,0
AEERYPILPEYL,no,11.21241426,1,1,0
YPILPEYLQ,no,8.548879385,0,0,0
ISQAVHAAHAEINEAGR,no,9.539723789,1,0,0
SANLSGISSAESLK,no,5.018488645,0,0,0
SWVESQTNGIIR,no,3.402828312,0,0,0
AFKDEDTQAMP,no,10.44063353,1,1,0
SGISSAESLK,no,5.071905312,0,0,0
MAMGITDVFSSSANLSGIS,no,3.869571978,0,0,0
INSWVESQTNGIIR,no,3.668878508,0,0,0
LYAEERYPILPEYL,no,11.21241426,1,1,0
SGISSAESL,no,5.187988645,0,0,0
VLLPDEVSGLEQLESIINFEK,no,9.828214038,1,0,0
VLQPSSVHSQTAM,no,4.692238645,0,0,0
VLLPDEVSGLEQL,no,9.807782788,1,0,0
LSGISSAESLK,no,5.018488645,0,0,0
HAEINEAGR,no,3.72905265,0,0,0
SAEAGVDAASVSEEF,no,8.33321392,0,0,0
VLLPDEVSGLEQLESIIN,no,9.749225259,1,0,0
EVVGSAEAGVDAASVSEEFR,no,8.921488645,1,0,0
NVLQPSSVHSQTAM,no,5.077738645,0,0,0
AMGITDVFSS,no,5.077738645,0,0,0
SSNVMEE,no,7.245641925,0,0,0
EVVGSAEAGVDAASVSEEF,no,8.327422253,0,0,0
SGISSAESLQ,no,5.071905312,0,0,0
ELINSWVESQTNGIIR,no,7.435988454,0,0,0
SGISSAESLE,no,5.071905312,0,0,0
VTEQESKPVQMM,no,11.11589193,1,1,0
AEINEAGR,no,3.72905265,0,0,0
VLKPSSVDSQTAM,no,4.692238645,0,0,0
VESQTNGIIR,no,2.359586841,0,0,0
NVLQPSSVDSQTAM,no,5.077738645,0,0,0
VLLPDEVSGLEQLESR,no,11.28523845,1,1,0
VLLPDEVSGLEKLESIINFEK,no,9.828214038,1,0,0
VASMASEK,no,8.834771896,1,0,0
ISQAVH,no,8.829396896,1,0,0
TSSNVMEER,no,38.63046722,1,1,0
VLLPHEVSGLEQLES,no,11.33130859,1,1,0
QITKPNDVY,no,9.983958615,1,0,0
DILNQITKPNDVY,no,11.27782781,1,1,0
VLLPDEVSGLEQLES,no,11.33130859,1,1,0
NQITKPNDVY,no,10.63117151,1,1,0
LTEWTSSNVMEER,no,3.378869979,0,0,0
VTEQESKPVQMK,no,11.11589193,1,1,0
RVTEQESKPVQM,no,4.874439926,0,0,0
NQITEPNDVY,no,10.63117151,1,1,0
VTEQESKPVQM,no,11.33130859,1,1,0
VTEQESKPV,no,8.100100259,0,0,0
NVLQPSSVDSQTAMVLVNAIVFK,no,11.33693359,1,1,0
NVLQPSSVDSQTAMVLVNAIVF,no,11.50926693,1,1,0
KDSNVNWNNLK,no,6.411547371,0,0,0
GEADAVALHGGLVY,no,10.69631746,1,1,0
NLQMDDFELL,no,8.548879385,0,0,0
NLKMDDFELL,no,11.32196322,1,1,0
KDQLTPSPR,no,2.749078312,0,0,0
VPSLMHSQLY,no,11.51505859,1,1,0
GAIEWEGIESGSVEKAVAK,no,9.750778666,1,0,0
KGEADAVALDGGLVY,no,10.65459936,1,1,0
TAGVCGLVPVMAER,no,6.376928939,0,0,0
VPSLMDSQLY,no,11.51505859,1,1,0
AQSDFGVDTK,no,12.06638532,1,1,0
GAIEWEGIESGSVEQAVAK,no,9.750778666,1,0,0
RVPSLMDSQLY,no,2.359586841,0,0,0
VPVMAER,no,6.433911646,0,0,0
VAAHAVVAR,no,9.318668182,1,0,0
GAIEWEGIESGSVEQAVAE,no,9.750778666,1,0,0
AIEWEGIESGSVEQAVAK,no,6.179350095,0,0,0
LKPIAAEVY,no,10.69631746,1,1,0
KLKPIAAEVY,no,9.508873534,1,0,0
HAVVVRPEK,no,3.516811179,0,0,0
IQHSTVEENTGGK,no,11.50926693,1,1,0
TVNDLQGK,no,9.983958615,1,0,0
AVVVRPEK,no,3.411510369,0,0,0
TVNENAPDQKDEYELL,no,11.77703088,1,1,0
QGIESGSVEQAVAK,no,8.444822091,0,0,0
TDERPASY,no,2.864078312,0,0,0
IKHSTVEENTGGK,no,11.50926693,1,1,0
VAAHAVVARDDNQVEDIW,no,8.470690651,0,0,0
DLTQQER,no,2.494142418,0,0,0
VQHSTVEENTGGK,no,11.50926693,1,1,0
EGIESGSVEQAVAK,no,8.444822091,0,0,0
TVISSLK,no,4.893969317,0,0,0
HTTVNENAPDQKDEYELL,no,10.29524299,1,1,0
EGIESGSVEQAVAE,no,8.444822091,0,0,0
VVVRPEK,no,9.027481593,1,0,0
TVEENTGGK,no,10.43255859,1,1,0
ISDAVHGVF,no,10.30634365,1,1,0
MISDAVHGVF,no,10.29426032,1,1,0
VLLPDEVSGLEHIEKTINF,no,9.807782788,1,0,0
HSLELEEFR,no,4.28039826,0,0,0
SLEIADKLY,no,10.30634365,1,1,0
VLLPDEVSGLER,no,11.00768993,1,1,0
VLLPDEVSGLERIEKTIN,no,7.943872598,0,0,0
VLLPDEVSGLERIEK,no,11.36053926,1,1,0
MEVNEEGTEATGSTGAIGNIK,no,11.67301032,1,1,0
TGGVEEVNFK,no,10.63117151,1,1,0
NVATLPAEK,no,6.668630771,0,0,0
TGISSAESLK,no,5.018488645,0,0,0
VLLPDEVSDLER,no,11.00768993,1,1,0
AGSTGVIEDIK,no,11.88842699,1,1,0
VTKQESKPVQM,no,11.33130859,1,1,0
FPNATDKEGK,no,10.3868909,1,1,0
DLRPICGTDGVTY,no,4.813086661,0,0,0
VEQGASVDKR,no,6.644335173,0,0,0
VEQGASVDER,no,6.644335173,0,0,0
VTDSF,no,3.956247174,0,0,0
SNSLVILTQA,no,5.077738645,0,0,0
IQEIATDPGAEK,no,10.44063353,1,1,0
LLGAPVPVDENDEGLQR,no,10.65247526,1,1,0
DEDTKAMPFR,no,7.449061179,0,0,0
ILELPFASGTMS,no,8.709247174,1,0,0
DEDTQAMPFR,no,7.449061179,0,0,0
MLVLLPDEVSGLEQLESIINFEK,no,9.828214038,1,0,0
YPILPEYLQCVK,no,16.5854998,1,1,0
AFKDEDTQAMPFR,no,8.891488645,1,0,0
SQAVHAAHAEINEAGR,no,9.547223789,1,0,0
VTEQESKPVQMMYQIGLFR,no,11.3922476,1,1,0
SQTAMVLVNAIVFK,no,9.596016761,1,0,0
QAVHAAHAEINEAGR,no,7.972605229,0,0,0
EAQCGTSVNVHSSLR,no,43.54550431,2,1,1
SSANLSGISSAESLK,no,5.071905312,0,0,0
EVCGSAEAGVDAASVSEEFR,no,10.69870423,1,1,0
GLEPINFQTAADQAR,no,8.915696978,1,0,0
VLLPDEVSGLEQLESIINFEQ,no,9.828214038,1,0,0
VLVNANVFK,no,10.40873267,1,1,0
NSQAVHAAHAEINEAGR,no,9.539723789,1,0,0
ISQAVHAAHAEIN,no,11.19299571,1,1,0
DILNQITKPNDVYSFSLASR,no,4.355477846,0,0,0
FQTAADQAR,no,12.67529598,1,1,0
VLVNAIVFK,no,10.40873267,1,1,0
MAMGITDVFSSSANLSGISSAESLK,no,3.869571978,0,0,0
AVHAAHAEINEAGR,no,8.657063562,1,0,0
SVNVHSSLR,no,40.70998198,2,1,1
LCEWTSSNVMEER,no,95.64786364,2,1,1
DLEPINFQTAADQAR,no,8.915696978,1,0,0
LEPINFQTAADQAR,no,8.923196978,1,0,0
DILNQITKPNDVYSF,no,9.840297371,1,0,0
EAGVDAASVSEEFR,no,8.535571978,0,0,0
AEAGVDAASVSEEFR,no,8.921071978,1,0,0
VHAAHAEINEAGR,no,9.367390455,1,0,0
EVVGAAEAGVDAASVSEEFR,no,6.098848789,0,0,0
EPINFQTAADQAR,no,8.891488645,1,0,0
ISQAVHAAH,no,11.22551029,1,1,0
VTEQESKPVQMMY,no,10.43255859,1,1,0
RVTEQESKPVQMMY,no,11.28482179,1,1,0
GITHVFSSSANLSGISSAESLK,no,5.018488645,0,0,0
VLVNAIVFE,no,11.97441739,1,1,0
AMGNTDVFSSSANLSGISSAESLK,no,4.168488645,0,0,0
EWTSSNVMEER,no,2.864078312,0,0,0
GTSVNVHSSLR,no,34.69924498,1,1,0
LQPSSVDSQTAMVLVNAIVFK,no,11.50926693,1,1,0
AMGITDVFSSSANLSGISSAESLK,no,4.168488645,0,0,0
VTEQESKPVKM,no,11.33130859,1,1,0
GITDVFSSSANLSGISSAESLK,no,5.018488645,0,0,0
ELINSWVESQTN,no,8.051725259,0,0,0
TEWTSSNVMEER,no,2.864078312,0,0,0
LYAEER,no,1.686828312,0,0,0
EAGVDAASVS,no,8.503044332,0,0,0
VASMASEE,no,8.834771896,1,0,0
TQINK,no,9.749225259,1,0,0
NKVVR,no,1.695131955,0,0,0
VTEQESKPVQMMYQIGLFRVASMASEK,no,8.068391925,0,0,0
NVLKPSSVDSQTAMVLVNAIVFK,no,11.33693359,1,1,0
DDNKVEDIWSFLSK,no,11.36693359,1,1,0
SGGIPPEK,no,10.43255859,1,1,0
NIPIGTLLHRG,no,7.31452326,0,0,0
DLLFKDSAIMLE,no,10.29426032,1,1,0
SAIQSMR,no,45.50418629,2,1,1
ANVMDYR,no,6.433911646,0,0,0
FFSASCVPGATIEQK,no,14.58409151,1,1,0
NIPIGTLLHR,no,9.898981593,1,0,0
TSCHTGLGR,no,139.8559473,2,1,1
GAIEWEGIESGSVEQAVAKFFSASCVPGA,no,5.516849821,0,0,0
FMMFESKNK,no,9.749225259,1,0,0
FMMFESQNK,no,9.749225259,1,0,0
GDVAFVK,no,9.26300684,1,0,0
EAGLAPYK,no,15.35445873,1,1,0
GLIHNR,no,4.602325258,0,0,0
VEDIWSFLSE,no,8.051725259,0,0,0
DGKGDVAFVK,no,11.1108394,1,1,0
SDFGVDTK,no,11.51505859,1,1,0
GDVAFIKHSTVEENTGGK,no,9.749225259,1,0,0
TDERPASYF,no,2.749078312,0,0,0
AAHAVVAR,no,58.14531949,2,1,1
GANEWEGIESGSVEQAVAK,no,9.750778666,1,0,0
GAIEWEGNESGSVEQAVAK,no,9.750778666,1,0,0
AQSDFGVDTE,no,12.06638532,1,1,0
FYTVISSLKTCNPS,no,47.14792354,2,1,1
FGVHGSEK,no,10.43255859,1,1,0
FGVNGSEKSK,no,11.51505859,1,1,0
RFGVNGSEK,no,4.28039826,0,0,0
GDVAFVQHSTVEENTGGK,no,9.749225259,1,0,0
KGTEFTVNDLQGK,no,9.807782788,1,0,0
GTEFTVNDLQGK,no,9.828214038,1,0,0
DVAFIQHSTVEENTGGK,no,10.43255859,1,1,0
KCVAS,no,103.7431329,2,1,1
LKPIAAEVYEHTEGSTTSYY,no,5.262580507,0,0,0
YTVISSLK,no,4.673969317,0,0,0
CTVVDETK,no,16.66643591,1,1,0
HTTVNENAPDQK,no,10.29426032,1,1,0
VMVLCNR,no,103.5285546,2,1,1
GASVDKR,no,2.864078312,0,0,0
SIEFGTNISK,no,7.671308592,0,0,0
AVVESNGTLTLSHFGK,no,11.51505859,1,1,0
FCNAVVES,no,21.61911915,1,1,0
CAHKVEQ,no,22.28526824,1,1,0
CNFCNAVVESNGTLTLSHFGK,no,14.62992485,1,1,0
VEQGASVDK,no,10.30634365,1,1,0
VEQGASVDE,no,10.30634365,1,1,0
PAQEQLM,no,9.26300684,1,0,0
KSLSICSLK,no,112.2175558,2,1,1
VTSDGCCK,no,101.8497163,2,1,1
LEGCYPECS,no,105.0714181,2,1,1
ECGNSC,no,52.79520667,2,1,1
EPSELCK,no,51.32231584,2,1,1
TCTCNKR,no,109.5961831,2,1,1
DTCADPE,no,22.00259578,1,1,0
TATGAVEDSAAAFGNSWE,no,8.534752665,0,0,0
GTCSTYS,no,157.9506471,2,1,1
EVIVDTLLSR,no,2.359586841,0,0,0
VQVSTVGR,no,3.378633889,0,0,0
AVTGTN,no,8.835188562,1,0,0
HGLDNYRG,no,5.966731593,0,0,0
HGLDNYR,no,9.027481593,1,0,0
GTDVQAWIR,no,3.441168507,0,0,0
GILQINSR,no,2.359586841,0,0,0
FESNFNTQATNR,no,3.053418507,0,0,0
SNFNTQATNR,no,2.864078312,0,0,0
ILQINSR,no,3.186005311,0,0,0
NTDGSTDYGILQINSR,no,3.095836841,0,0,0
VHNLFK,no,9.694605211,1,0,0
VATLPAEKMK,no,9.851892561,1,0,0
KFYTGGVEEVNFK,no,11.27782781,1,1,0
FYTGGVEEVNFK,no,11.27782781,1,1,0
ATGSTGAI,no,4.605938562,0,0,0
TESQMK,no,7.285808592,0,0,0
EKMAPALRLLV,no,8.888738645,1,0,0
LVDKDNSPISNK,no,11.50926693,1,1,0
HNPTNTIVYFGR,no,11.00727326,1,1,0
ILELPFASGDLSMLVLLPDEVSDLER,no,8.100100259,0,0,0
ILELPFASGDLSMLVLLPDEVSHLER,no,8.100100259,0,0,0
ISQAVHGAFMELSEDGIEMAGSTGVIEDIK,no,10.98967699,1,1,0
MHIRL,no,2.075131955,0,0,0
MHIR,no,14.03853274,1,1,0
HIRL,no,14.03853274,1,1,0
YFYPEL,no,8.548879385,0,0,0
YFYP,no,8.548879385,0,0,0
FYPE,no,8.548879385,0,0,0
YPEL,no,8.548879385,0,0,0
YVEEL,no,8.548879385,0,0,0
YVEE,no,8.548879385,0,0,0
VEEL,no,8.548879385,0,0,0
YVEL,no,8.548879385,0,0,0
WYSLAMAA,no,8.095510289,0,0,0
WYSL,no,8.271308592,0,0,0
YSLA,no,8.834771896,1,0,0
SLAM,no,8.834771896,1,0,0
LAMA,no,11.50353499,1,1,0
AMAA,no,64.32120991,2,1,1
MGPAGF,no,9.339043123,1,0,0
VGPADLGF,no,11.97441739,1,1,0
AGPGPMGF,no,10.40873267,1,1,0
GFPGAAF,no,11.29129352,1,1,0
LGDLGPPAP,no,11.97441739,1,1,0
PPGPM,no,13.42586485,1,1,0
GPLGF,no,13.42586485,1,1,0
GFGPAAGF,no,15.35445873,1,1,0
LTGPLGPSGSP,no,11.51505859,1,1,0
GPPGSP,no,11.50926693,1,1,0
GAAGPQ,no,11.50353499,1,1,0
FGTDFDL,no,9.807782788,1,0,0
NVVGGASF,no,10.98967699,1,1,0
DPALVELLK,no,10.40873267,1,1,0
LLGF,no,13.42586485,1,1,0
LAGLVGPA,no,12.64304818,1,1,0
LGGGLGPPAP,no,12.67652413,1,1,0
GLAGF,no,9.508873534,1,0,0
LLVGPA,no,9.339043123,1,0,0
VPGPGVQGAP,no,12.67652413,1,1,0
FTGML,no,9.749225259,1,0,0
VGPQLM,no,8.548879385,0,0,0
LGLGLSGQR,no,4.28039826,0,0,0
ISSSTLALFAALMLVAHAVAFR,no,9.545098789,1,0,0
YTIQQNGLHLPSYTNTPQLVYIVK,no,9.749225259,1,0,0
GLLLPSFLNAPMMFYVIQGR,no,11.33693359,1,1,0
NAMYAPQYTMNAHNIIYAIR,no,8.451789164,0,0,0
LTIQPNGLHLPSYTNGPQLIHVIR,no,11.3847476,1,1,0
VPKLH,no,9.694605211,1,0,0
PYNVVHT,no,9.807782788,1,0,0
LGLKNK,no,11.86018013,1,1,0
THG,no,11.51505859,1,1,0
WDRPKDDGGSPIK,no,7.441905121,0,0,0
DRGYPPVMF,no,9.38339826,1,0,0
SGGGGGGGLGSGGSIRSSY,no,4.538078312,0,0,0
RRRYWYYR,yes,398,2,1,1
RRYWYWRR,yes,282,2,1,1
RRWWRRYY,yes,238,2,1,1
TRAFRCVS,yes,220,2,1,1
FFSTSCRSGC,yes,187,2,1,1
CVHWMTNTARTACIAP,yes,176,2,1,1
CVRFRTNTARTVCIAP,yes,166,2,1,1
TSRCIFYRRKKCS,yes,153,2,1,1
TSRCIFYRRCVCS,yes,128,2,1,1
FFRTSCRSVC,yes,127,2,1,1
RADSRADC,yes,123,2,1,1
TSRCFRVC,yes,106,2,1,1
MRSRERSSWY,yes,102,2,1,1
FFRSCRVC,yes,90,2,1,1
FRTSCSAC,yes,78,2,1,1
FRTCRSVC,yes,73,2,1,1
TRCFRVCS,yes,53,2,1,1
YRSRKYSSWY,yes,40,2,1,1
PGPA,yes,20.09,1,1,0
GPPGFPG,yes,16.31,1,1,0
DLGF,yes,13.16,1,1,0
ILFTLL,yes,12.87,1,1,0
TIPPPT,yes,12.14,1,1,0
FTGM,yes,12.05,1,1,0
GPAGPPGFPG,yes,12.01,1,1,0
GPAGF,yes,10.19,1,1,0
CA,yes,9.6,1,0,0
IIPFIF,yes,8.22,0,0,0
FSGLD,yes,8.07,0,0,0
PAMPVPGPM,yes,7.62,0,0,0
CW,yes,5.4,0,0,0
CS,yes,4.5,0,0,0
CY,yes,3.1,0,0,0
NYRRE,yes,2.86,0,0,0
IRW,yes,2.83,0,0,0
RGFTGM,yes,2.41,0,0,0
CE,yes,2,0,0,0
VKAGFAWTANQQLS,yes,1.8,0,0,0
RHAKF,yes,1.75,0,0,0
PFRMY,yes,0.61,0,0,0
VWWW,yes,0.25,0,0,0
MAGYTGYTSGLVNGRQTAGYSGY,uniport,1000,2,1,1
RNVRAFFVGGLLGAARGVVGPVP,uniport,1000,2,1,1
MAEIDPKTTTALKKLWRNNVPSK,uniport,1000,2,1,1
VTICVYNGIGPGTVLSGLA,uniport,1000,2,1,1
MGVGQPGHVPGHAGRHLRHYL,uniport,1000,2,1,1
MLSPWLSEVKVRSSELPPLSEDSVA,uniport,1000,2,1,1
GAEERTEEEAGNAEEAGED,uniport,1000,2,1,1
MLAGPEKARDKQIRFLAPARESQ,uniport,1000,2,1,1
MARIMWRVAQVHMARQIWRVAPA,uniport,1000,2,1,1
MNTGSPKVYKTTEGDVLFAPAGTE,uniport,1000,2,1,1
MMNGDGKSIYRNEEECDLFW,uniport,1000,2,1,1
PLREVLDPDQSTSDPAGVQAD,uniport,1000,2,1,1
SHGVFSYAHCQGFEEATNERGRAPT,uniport,1000,2,1,1
MVPEKRAGSGEESWKNDYEYCQEEI,uniport,1000,2,1,1
MRHRRWMEYLKDFDFDLKYHPGKA,uniport,1000,2,1,1
MMWMPWNGMDITKLPQDPLWE,uniport,1000,2,1,1
MFVAERGKVVVRCGGGAGCLSGGWV,uniport,1000,2,1,1
MQLSDEQLKPYSGTLIGFAGEQVEV,uniport,1000,2,1,1
MGIAAAEDSLEVFGVVRSWDFE,uniport,1000,2,1,1
MEKKMSWTVADAVDYKGFPAD,uniport,1000,2,1,1
VSFLSVPEAHNQHQDTSYLTGGTI,uniport,1000,2,1,1
MAYLAHYTYVLHGIRPLME,uniport,1000,2,1,1
SSKETRNSAFLKFAYDGSSCHAMV,uniport,1000,2,1,1
MLGNDQVAVDDVRGIWKAIG,uniport,1000,2,1,1
SLASLGEPWRALATSSLSDQLQ,uniport,1000,2,1,1
SVSVFSILILPPARGAGQATRGADA,uniport,1000,2,1,1
PDAAGREDGEDFVEYPGV,uniport,1000,2,1,1
MYSSMMEEDEGEDDGGGR,uniport,1000,2,1,1
MNFAMVMLESASGNLTITSFG,uniport,1000,2,1,1
EDGSPKNQCSDCGDFSCNGSDVGS,uniport,1000,2,1,1
MGLMLQEYKRGRHHISTQNLKAL,uniport,1000,2,1,1
SINDLGISVADLEAETFR,uniport,1000,2,1,1
FSIYGFASAVPEDLGSFNYKKNKIY,uniport,1000,2,1,1
GAVPDAAGREDGEDFVEYPLV,uniport,1000,2,1,1
MEHLFRSYGRENINFAFKGN,uniport,1000,2,1,1
MDGMWFDPPQDPNSLSRLSTRHDM,uniport,1000,2,1,1
MIIKGGTVNENVIKEGNNKPTQKL,uniport,1000,2,1,1
KLSGSGLKKGREVAPMKIGGEL,uniport,1000,2,1,1
MGYGWTEVIAVDATRDAVVGA,uniport,1000,2,1,1
MASDLAISAFLRVELEFVD,uniport,1000,2,1,1
PVSDLQDSSLPPAQRREGCARHIAH,uniport,1000,2,1,1
MTSKKHQRLTNPAVKEPDSLAR,uniport,1000,2,1,1
DGALPDAAGREDGEDFVEYPRV,uniport,1000,2,1,1
MPKNCHLNGEEHMARFFGTFN,uniport,1000,2,1,1
MWKVSREERRASREERKAIRRTEL,uniport,1000,2,1,1
MVAWSAELSEFDITYLPRGAIKSQ,uniport,1000,2,1,1
MGTPFEEEYRYRLRIEYWYVSGTP,uniport,1000,2,1,1
AVKTSPSSYSLSQQSLVAPSA,uniport,1000,2,1,1
MVSSPPPWLSESANRRIE,uniport,1000,2,1,1
AQTLAPQATKFGKSVLATDFAPQA,uniport,1000,2,1,1
MTSTSFLTALQLGNAG,uniport,1000,2,1,1
MQSNSCLATRTLAWRHQAQLP,uniport,1000,2,1,1
MGCAERRWQSQNVLPKFYLRWTQK,uniport,1000,2,1,1
MEAQEDLSRIMGVRHMLGT,uniport,1000,2,1,1
EDMNCEKLLQDYEVLLGC,uniport,1000,2,1,1
MSKLRMAENSSLFKFRYAIA,uniport,1000,2,1,1
MMGKERLKEADGGGERSRKVKR,uniport,1000,2,1,1
MHPVAEPPPSDPGHVPGLPCLAP,uniport,1000,2,1,1
MPHLSRGPSPHRRHPAVVAAAGAD,uniport,1000,2,1,1
QPTETVYDILRKAGIFERIKANP,uniport,1000,2,1,1
IGYSMTSASSRLELILRAERQLS,uniport,1000,2,1,1
MLAIFFDMMEDTMEVFMDDFFVF,uniport,1000,2,1,1
VMIRCLRSVVEDAAAIGEEK,uniport,1000,2,1,1
MYYDDSAPLSRAFLIWHGR,uniport,1000,2,1,1
MDQAINRAGGKSGNKGAEAALTA,uniport,1000,2,1,1
RGVKRKPLLENGEDVVRQE,uniport,1000,2,1,1
IKLFTCVPPYYDLQPVPALIRIE,uniport,1000,2,1,1
MKNEKCRNKALKMAAEVK,uniport,1000,2,1,1
MGEEPPQGRGQALFRRGGALMAEE,uniport,1000,2,1,1
ELDALNKIVDGKMVPYVPADAA,uniport,1000,2,1,1
MAMANEQKTAALESGGTLVGA,uniport,1000,2,1,1
MGLWSADGKQHWDPVRASQWRARQT,uniport,1000,2,1,1
MGGKAGCPPRLSPVQKWGGAGQL,uniport,1000,2,1,1
MIHALKLEEAAAEAASASIDETMSD,uniport,1000,2,1,1
MSTNDIFRYDPGPLNSPPLLK,uniport,1000,2,1,1
MIEITCEGAASVLTTTQENIVLV,uniport,1000,2,1,1
VGISGGSHYDSWMPMEAVVG,uniport,1000,2,1,1
MEAGDERRRSIDGAAQRQTVTQ,uniport,1000,2,1,1
MMSPCEDHDVAGRGVAMMSPVLARS,uniport,1000,2,1,1
MKEGYMCEKDRNEGEIDYE,uniport,1000,2,1,1
MHRNANERTAATCLASATELENPLA,uniport,1000,2,1,1
YQADPGSVVTAGPSMNNFMGGWLP,uniport,1000,2,1,1
FLWGDCAVAWSYACESKAIAV,uniport,1000,2,1,1
MSIDNNLPADRHPERRLKASFK,uniport,1000,2,1,1
MVSHGHYDDEREDLVWDTSR,uniport,1000,2,1,1
VEVEIEVVVVLVVLFLVGVVLFE,uniport,1000,2,1,1
GATRGTKWASIAAPRAEDLTG,uniport,1000,2,1,1
NKPPSGGLLACTTVLLAINLL,uniport,1000,2,1,1
MDSDVLVGHNISGFDLDVLLHRSQ,uniport,1000,2,1,1
MKLAIEMEVKELRAKSDSQLVT,uniport,1000,2,1,1
CNSDFAAAWVTAESGYERKRDD,uniport,1000,2,1,1
MHELRRALGASPWALGAAAYVRVAR,uniport,1000,2,1,1
MASADSDIDSDDEPEIDSEQKEE,uniport,1000,2,1,1
MHLWNVVGALQRPNGILL,uniport,1000,2,1,1
MMERWTRKNMLLSLLFGYPNSSSAQ,uniport,1000,2,1,1
MPSSSTFGLRRIEEFENSGVVTS,uniport,1000,2,1,1
MRSIPHQAKGHGDDSVLSSTGGA,uniport,1000,2,1,1
MVEADSQDDIIVVGGTSSPQNEE,uniport,1000,2,1,1
NGRNCSGTASTPPDSGPQNLK,uniport,1000,2,1,1
MVKVMKMVLEMKKEKMGEDEEK,uniport,1000,2,1,1
MRQVLVDFQENPKAAQEHTKNP,uniport,1000,2,1,1
MHGCKCVLSNRPGALMPTE,uniport,1000,2,1,1
MRVVPLLMFAPLTALSVILK,uniport,1000,2,1,1
MVAKLSIVVLRLVQSPGQSK,uniport,1000,2,1,1
MSSSEGPEVATTSGGVVWVGWWS,uniport,1000,2,1,1
GEVDPAEPEFAVESVVLAMNFLALT,uniport,1000,2,1,1
MKKKSKTKTTKKKGSFASSASDSV,uniport,1000,2,1,1
MEATGLPVPPFNKSRQQPGIKER,uniport,1000,2,1,1
MSVEEPIVIPSQTGEVGVTQPVL,uniport,1000,2,1,1
VIGAELGRENHSSIPATAIGTEST,uniport,1000,2,1,1
MAGGKVFALDGGHAEADNLIR,uniport,1000,2,1,1
MGQGLGLRPGIIDGAISISAVQ,uniport,1000,2,1,1
MPLFSLFKGFFFDSFFHPLRVQ,uniport,1000,2,1,1
AEVVQSLLEQLESVERACP,uniport,1000,2,1,1
MDSSAEVTGSSSMVTGIK,uniport,1000,2,1,1
VMFAVVDGSWWWLMATVAG,uniport,1000,2,1,1
MAMVAKQAWNFVSKPDTLVARIYKA,uniport,1000,2,1,1
MALRASGSPPQYLTTSLE,uniport,1000,2,1,1
MLSSRDVLLLGCSPLTIV,uniport,1000,2,1,1
MLAQRAVATQSEASSPSLA,uniport,1000,2,1,1
MDRQNTLNSDPKLQFLAAYGPL,uniport,1000,2,1,1
VTCAARRAGLFRAFWFLVPALRAV,uniport,1000,2,1,1
MSRKWRYSLGQAAGLAGFVVLNS,uniport,1000,2,1,1
ILASQETLRFVIGLLKSFASGASA,uniport,1000,2,1,1
VLDGVLTQAQISLYLRNHGFKVAC,uniport,1000,2,1,1
MEQQQHAAFIQQTAADTSQQWQPP,uniport,1000,2,1,1
MGRGRPYDKRGKKPDEGGSSGGRGG,uniport,1000,2,1,1
MSSPDHGIRRLAYGTLDKFKNALE,uniport,1000,2,1,1
GTEIETAAGRGSSDVCSVAIDT,uniport,1000,2,1,1
MGVCLGDESGSFVAAFSCHDS,uniport,1000,2,1,1
IRLVILVVSTAACTGVPCVKSTGK,uniport,1000,2,1,1
MTQRAIAEAMELMAAAMSQEA,uniport,1000,2,1,1
VMCPTCLCTGMAMASEHDPRIDPFD,uniport,1000,2,1,1
TQPPSASPGVGTEQHRTRSLFGSG,uniport,1000,2,1,1
MDVVVLWSACGTTAAARGATDLTVL,uniport,1000,2,1,1
MVNQGMRKPVAVVAFIALE,uniport,1000,2,1,1
MKQRTSKETFKKHLKNYSK,uniport,1000,2,1,1
DDPNVRAAQLHEDPSRHA,uniport,1000,2,1,1
MGRYTAQQPSRHDGRIRMKDNCQ,uniport,1000,2,1,1
KSCFGADAGAGRNPSLRQAQ,uniport,1000,2,1,1
MQGAEDDKMKSSYPELFL,uniport,1000,2,1,1
MSQINVRPEMKIHQVLKRTGPEA,uniport,1000,2,1,1
MLRLDAFLMLKTKEDRRMIRGGSNK,uniport,1000,2,1,1
MGIVLPQPYGGRQNVLVNK,uniport,1000,2,1,1
MATWDDPDNDEEAPGTYSDSDSEE,uniport,1000,2,1,1
YKHNVFPCSGRVRIGGDAKNAFNF,uniport,1000,2,1,1
MPLLHEDMAEAAGVAYPSPVYPKL,uniport,1000,2,1,1
QMVEDEEDEQEEGEAQGESNDEDGA,uniport,1000,2,1,1
MHLTDEASMYDSGRGNTTTRALAQ,uniport,1000,2,1,1
VKELAAKAREGKLKPQEFQGGTFR,uniport,1000,2,1,1
MAKVRPSARRAGAGGALRHDAEQ,uniport,1000,2,1,1
MKASQSRQKSFHDKRSKDIEFQE,uniport,1000,2,1,1
GERVMVAIGTTEVTTAALDFTAVG,uniport,1000,2,1,1
MPMVDRGVNATPAVCTGRPVLYLSL,uniport,1000,2,1,1
MDEEVASMPMPEMYQNKM,uniport,1000,2,1,1
EYEDGFGRATPGLYLEG,uniport,1000,2,1,1
GTETEAATGRGSNDSLTVAIASQ,uniport,1000,2,1,1
MRIPHMQLPLTDWRCPTNISRLPTT,uniport,1000,2,1,1
VPFLPCQKRTFTIAVLSLTVGVI,uniport,1000,2,1,1
MVEKPPRGLELLPFPIGRAPQPAEL,uniport,1000,2,1,1
MTTDHTTRNSVYMVLILDGRVE,uniport,1000,2,1,1
MVTDVADALILNRLFRHLFSKGI,uniport,1000,2,1,1
MGTPFKGEYRYRVHIGYWYVPGTP,uniport,1000,2,1,1
MVNEEDKEEPVHTSPENLATSSQKE,uniport,1000,2,1,1
LSMPLVGTAVLTPVCRPREARRAP,uniport,1000,2,1,1
MTWVIGGCGSSTHLSVTRLNQHIPT,uniport,1000,2,1,1
MHVKFDGKEPDKVSELVEGISDHQ,uniport,1000,2,1,1
SRMVEEDEDRMKAVVVVDEEVE,uniport,1000,2,1,1
MGSNSWEEAMPGSTGEERILV,uniport,1000,2,1,1
MLFPREMEKGLWPEDYSLSDHA,uniport,1000,2,1,1
MSSVEYRTILRYRLMIPIFPKDE,uniport,1000,2,1,1
MDLATLVPNLEPAGLDILS,uniport,1000,2,1,1
MMKSSKGGDESIYSGDDRYGTA,uniport,1000,2,1,1
VDEVLLWWCDAVVGVLDLASLGCD,uniport,1000,2,1,1
MRVVFIPSYVARVLRFRQSTGTG,uniport,1000,2,1,1
MKLLTAGTGMNHPPLGLMHVDTML,uniport,1000,2,1,1
FLCNWLTSTASVLTVWKRSAS,uniport,1000,2,1,1
VARLRTRLVFRVLTVRLLGSIPFW,uniport,1000,2,1,1
WAFRHGGAAVWPDGHRAGDGKE,uniport,1000,2,1,1
MCMASKWTVNARHVESEPAR,uniport,1000,2,1,1
GAHDRAELGMLKAELKVELS,uniport,1000,2,1,1
MAALLRRALQRRDIASSSVSAFRS,uniport,1000,2,1,1
MPRVGRTLRRRQGGLRSSQGI,uniport,1000,2,1,1
DRLSVSLFEIVVKLRSDYDTGKGVL,uniport,1000,2,1,1
VHVSEVRDNDQRLEWASSQE,uniport,1000,2,1,1
MATRGERRRRPRRSRTRRLMWCL,uniport,1000,2,1,1
SIVGRPRHHGIMIGMGQKDS,uniport,1000,2,1,1
MKSSFDVVVFKLVLALKY,uniport,1000,2,1,1
SRNKASFIAAVIFFNIKNPSKSAVL,uniport,1000,2,1,1
MIQNPSLNLEALPFMDRRPFTE,uniport,1000,2,1,1
GFAGDDAPRAVFPSIVGRPRHHG,uniport,1000,2,1,1
FPSIVGRPRHHGIMIGMGQKDS,uniport,1000,2,1,1
MSIRMLTLRLFFLIAQGSHNVVG,uniport,1000,2,1,1
MAGTAISGAISNHDRYICCD,uniport,1000,2,1,1
MMVAIGGRSWMRQGSVGGSSNGM,uniport,1000,2,1,1
MYQTEKLEEDITVVNIPNLGD,uniport,1000,2,1,1
MKILKSMGDIGFPILTPASGDL,uniport,1000,2,1,1
MIYQLLQERNRDPDPEPEEPYFSA,uniport,1000,2,1,1
MGCSRRKLTIPLWNLLLWTKLGS,uniport,1000,2,1,1
MFYCSTACLPAYLPAYLPALFCIG,uniport,1000,2,1,1
MNHKQTAKEVLELVGGEKNQGG,uniport,1000,2,1,1
MRSTAFDTYDQHRDPVINAKKQLD,uniport,1000,2,1,1
MLSVINGYGETAAFNIEGKVFPHNG,uniport,1000,2,1,1
MSALSPPKIRSMPIIITRTTNI,uniport,1000,2,1,1
MGENIEAACRRSFGLIHLAV,uniport,1000,2,1,1
MVDLISSSRSYEAKQIGK,uniport,1000,2,1,1
MSLLKPAYESLKTTSYEESVEDVE,uniport,1000,2,1,1
MFGHAAPRNERYTSPSILLSFFGIC,uniport,1000,2,1,1
MKYIGWPNLSFPALRVQLPRPKKL,uniport,1000,2,1,1
MQYFLPPVAIDQAGTFQIDESWF,uniport,1000,2,1,1
MLMIHHIEKYGLYLYLGELNKNG,uniport,1000,2,1,1
MWKYELSPDLLYLAVVYIELDCVA,uniport,1000,2,1,1
